{
  "hash": "16c5dbbd",
  "configHash": "b7dd326b",
  "lockfileHash": "74a0a053",
  "browserHash": "f1d00f6e",
  "optimized": {
    "@angular/common": {
      "src": "../../../../../node_modules/@angular/common/fesm2022/common.mjs",
      "file": "@angular_common.js",
      "fileHash": "fb000577",
      "needsInterop": false
    },
    "@angular/common/http": {
      "src": "../../../../../node_modules/@angular/common/fesm2022/http.mjs",
      "file": "@angular_common_http.js",
      "fileHash": "8bf2ee75",
      "needsInterop": false
    },
    "@angular/core": {
      "src": "../../../../../node_modules/@angular/core/fesm2022/core.mjs",
      "file": "@angular_core.js",
      "fileHash": "ec7b136e",
      "needsInterop": false
    },
    "@angular/forms": {
      "src": "../../../../../node_modules/@angular/forms/fesm2022/forms.mjs",
      "file": "@angular_forms.js",
      "fileHash": "d75c1b4c",
      "needsInterop": false
    },
    "@angular/platform-browser": {
      "src": "../../../../../node_modules/@angular/platform-browser/fesm2022/platform-browser.mjs",
      "file": "@angular_platform-browser.js",
      "fileHash": "9f3056a8",
      "needsInterop": false
    },
    "@angular/router": {
      "src": "../../../../../node_modules/@angular/router/fesm2022/router.mjs",
      "file": "@angular_router.js",
      "fileHash": "03005c1b",
      "needsInterop": false
    },
    "ngx-cookie-service": {
      "src": "../../../../../node_modules/ngx-cookie-service/fesm2022/ngx-cookie-service.mjs",
      "file": "ngx-cookie-service.js",
      "fileHash": "46167f41",
      "needsInterop": false
    }
  },
  "chunks": {
    "chunk-UFIEI5CA": {
      "file": "chunk-UFIEI5CA.js"
    },
    "chunk-XESAPIBI": {
      "file": "chunk-XESAPIBI.js"
    },
    "chunk-4HIZJKHZ": {
      "file": "chunk-4HIZJKHZ.js"
    },
    "chunk-KYZBYMIC": {
      "file": "chunk-KYZBYMIC.js"
    }
  }
}